<?xml version="1.0" encoding="UTF-8"?>
<customDataSource exportedWithPermissions="false">
    <folder>/public/Samples/ExtraSamples/Skeleton/Resources/DataSources</folder>
    <name>MongoDBCityData_Datasource</name>
    <version>0</version>
    <label>MongoDBCityData Datasource</label>
    <description></description>
    <creationDate>2014-04-15T10:55:56.391+01:00</creationDate>
    <updateDate>2013-11-27T13:39:53.256Z</updateDate>
    <serviceClass>com.jaspersoft.mongodb.jasperserver.MongoDbDataSourceService</serviceClass>
    <property>
        <key>username</key>
        <value>username</value>
    </property>
    <property>
        <key>mongoURI</key>
        <value>mongodb://127.0.0.1:27017/test</value>
    </property>
    <property>
        <key>_cds_name</key>
        <value>MongoDbDataSource</value>
    </property>
    <property>
        <key>password</key>
        <value>ENC&lt;5138E073D85983D4BC86A2BEDBE0CA8D&gt;</value>
    </property>
</customDataSource>
