<?xml version="1.0" encoding="UTF-8"?>
<dashboardResource exportedWithPermissions="false">
    <folder>/public/Samples/ExtraSamples/Skeleton/Dashboards</folder>
    <name>MongoDB_City_Dashboard</name>
    <version>0</version>
    <label>MongoDB City Dashboard</label>
    <description></description>
    <creationDate>2014-04-15T11:14:46.640+01:00</creationDate>
    <updateDate>2014-04-15T11:14:46.640+01:00</updateDate>
    <state>
        <theme>default</theme>
        <paperSize>content</paperSize>
        <property>
            <key>useAbsoluteSizing</key>
            <value>true</value>
        </property>
        <property>
            <key>paperSize</key>
            <value>content</value>
        </property>
        <property>
            <key>dashboardName</key>
            <value>MongoDB City Dashboard</value>
        </property>
        <property>
            <key>localDatePattern</key>
            <value>yyyy-MM-dd</value>
        </property>
        <frame frameType="com.jaspersoft.ji.adhoc.DashboardContentFrame">
            <name>frame_1</name>
            <property>
                <key>dashFrameLeft</key>
                <value>0</value>
            </property>
            <property>
                <key>dashFrameTop</key>
                <value>0</value>
            </property>
            <property>
                <key>dashFrameWidth</key>
                <value>1252</value>
            </property>
            <property>
                <key>dashFrameHeight</key>
                <value>627</value>
            </property>
            <property>
                <key>dashFrameResourceType</key>
                <value>com.jaspersoft.jasperserver.api.metadata.jasperreports.domain.ReportUnit</value>
            </property>
            <property>
                <key>dashFrameResourceName</key>
                <value>MongoDB Report</value>
            </property>
            <property>
                <key>dashFrameSource</key>
                <value>/flow.html?_flowId=viewReportFlow&amp;viewAsDashboardFrame=true&amp;dashboardViewer=true&amp;reportUnit=</value>
            </property>
            <property>
                <key>dashFrameScrollBars</key>
                <value>false</value>
            </property>
            <property>
                <key>dashResourceIndex</key>
                <value>0</value>
            </property>
        </frame>
    </state>
    <resource>
        <uri>/public/Samples/ExtraSamples/Skeleton/Reports/dashboard</uri>
    </resource>
</dashboardResource>
