<?xml version="1.0" encoding="UTF-8"?>
<folder exportedWithPermissions="false">
    <parent>/public/Samples/ExtraSamples/Skeleton/Resources</parent>
    <name>Images</name>
    <label>Images</label>
    <description></description>
    <creationDate>2014-04-15T10:54:31.845+01:00</creationDate>
    <updateDate>2013-01-10T12:32:03.000Z</updateDate>
    <resource>decrease.svg</resource>
    <resource>increase.svg</resource>
    <resource>Open-sewer.png</resource>
    <resource>Powered_by_MongoDB_3.png</resource>
</folder>
