<?xml version="1.0" encoding="UTF-8"?>
<folder exportedWithPermissions="true"><parent>/public/Skeleton</parent><name>Resources</name><label>Resources</label><description></description><creationDate>2014-01-27T13:16:40.000+01:00</creationDate><updateDate>2013-04-04T09:58:23.000+02:00</updateDate><folder>Bundles</folder><folder>ChartCustomizers</folder><folder>ChartThemes</folder><folder>ContentFiles</folder><folder>DataSources</folder><folder>Images</folder><folder>InputControls</folder><folder>JRCTX</folder><folder>JRTX</folder><folder>JRXML</folder><folder>OLAP</folder><folder>Scriptlets</folder><folder>Topics</folder><permission><permissionMask>32</permissionMask><recipient recipientType="role">ROLE_USER</recipient></permission></folder>